Authors,AuthorshipRole,ArticleTitle,ReportType,JournalName,JournalVolume,JournalNumber,JournalPages,Year,Publisher,PublicationType,DOI_link,Species,Technology,Domain,PrimaryField,ResearchTopic,MethodologicalVsApplied,AffiliationPhase,LoactionCity,LocationCountry,CareerStage,CompletionStage,Language
"Vincent, Delphine",sole author,Analysis proteomique de la reponse a la contrainte hydrique chez le mais (Zea mais) en fonction de la differenciation cellulaire,PhD thesis,,,,168,2003,INRA,Thesis,https://theses.fr/2003PA112134,corn,post-genomics,life science,abiotic response,Plant responses to environmental stress,applied,INRA Moulon,Paris,France,PhD candidate,final,french
"Riccardi, Frédérique; Gazeau, Pascale; Jacquemot, Marie-Pierre; Vincent, Delphine; Zivy, Michel; ",middle author,Deciphering genetic variations of proteome responses to water deficit in maize leaves,research article,Plant Physiology and Biochemistry,42,12,1003-1011,2004,Elsevier,Scientific Article,10.1016/j.plaphy.2004.09.009,corn,post-genomics,life science,abiotic response,Plant responses to environmental stress,applied,INRA Moulon,Paris,France,PhD candidate,final,english
"Cramer, Grant R; Ergül, A; Vincent, Delphine; ",middle author,Integrative functional genomics of abiotically-stressed grapevine: a system for discovery of gene and plant functions,conference proceeding,"Proceedings of the International Grape Genomics Symposium. St Louis, MO",,,30-37,2005,,Conference Proceedings,,grapevine,systems biology,life science,abiotic response,Plant responses to environmental stress,applied,UNR,Reno,USA,post-doctorate,final,english
"Vincent, Delphine; Lapierre, Catherine; Pollet, Brigitte; Cornic, Gabriel; Negroni, Luc; Zivy, Michel; ",first author,"Water deficits affect caffeate O-methyltransferase, lignification, and related enzymes in maize leaves. A proteomic investigation",research article,Plant Physiology,137,3,949-960,2005,American Society of Plant Biologists,Scientific Article,10.1104/pp.104.050815,corn,post-genomics,life science,abiotic response,Plant responses to environmental stress,applied,INRA Moulon,Paris,France,PhD candidate,final,english
"Cramer, GR; Cushman, JC; Schooley, DA; Schlauch, Karen; Quilici, D; Vincent, Delphine; Bohlman, MC; ",middle author,"Progress in Bioinformatics–The Challenge of Integrating Transcriptomic, Proteomics and Metabolomics",conference proceeding,Proceedings of the VIIth International Symposium on Grapevine Physiology and Biotechnology,689,,417-426,2005,,Conference Proceedings,,grapevine,systems biology,life science,plant science,Plant metabolism,applied,UNR,Reno,USA,post-doctorate,final,english
"Ferry?Dumazet, Hélène; Houel, Gwenn; Montalent, Pierre; Moreau, Luc; Langella, Olivier; Negroni, Luc; Vincent, Delphine; Lalanne, Céline; De Daruvar, Antoine; Plomion, Christophe; ",middle author,"PROTICdb: A web?based application to store, track, query, and compare plant proteome data",research article,Proteomics,5,8,2069-2081,2005,WILEY?VCH Verlag Weinheim,Scientific Article,10.1002/pmic.200401111,plants,bioinformatics,life science,plant science,Plant metabolism,applied,INRA Moulon,Paris,France,PhD candidate,final,english
"Cramer, Grant; Cushman, J; Schooley, D; Quilici, D; Vincent, Delphine; Bohlman, M; ERGÜL, AL?; Tattersall, E; Tillett, R; Schlauch, Karen; ",middle author,Systems biology of grapes,unknown,Symposium on Prospects for the 3rd Millenium Agriculture,63,,1-4,2006,,Conference Proceedings,,grapevine,systems biology,life science,abiotic response,Plant responses to environmental stress,applied,UNR,Reno,USA,post-doctorate,final,english
"Vincent, Delphine; Wheatley, Matthew D; Cramer, Grant R; ",first author,Optimization of protein extraction and solubilization for mature grape berry clusters,research article,Electrophoresis,27,9,1853-1865,2006,Wiley Online Library,Scientific Article,10.1002/elps.200500698,grapevine,post-genomics,life science,grape science,Plant metabolism,methodological,UNR,Reno,USA,post-doctorate,final,english
"Vincent, Delphine; Zivy, Michel; ",first author,Plant proteome responses to abiotic stress,book chapter,Plant proteomics,,,346-364,2007,"Springer-Verlag: Berlin, Germany",Book Chapter,,plants,post-genomics,life science,abiotic response,Plant responses to environmental stress,applied,INRA Moulon,Paris,France,PhD candidate,final,english
"Cramer, Grant R; Ergül, Ali; Grimplet, Jerome; Tillett, Richard L; Tattersall, Elizabeth AR; Bohlman, Marlene C; Vincent, Delphine; Sonderegger, Justin; Evans, Jason; Osborne, Craig; ",middle author,Water and salinity stress in grapevines: early and late changes in transcript and metabolite profiles,research article,Functional & integrative genomics,7,,111-134,2007,Springer-Verlag,Scientific Article,10.1007/s10142-006-0039-y,grapevine,systems biology,life science,abiotic response,Plant responses to environmental stress,applied,UNR,Reno,USA,post-doctorate,final,english
"Tattersall, Elizabeth AR; Grimplet, Jérôme; DeLuc, Laurent; Wheatley, Matthew D; Vincent, Delphine; Osborne, Craig; Ergül, Ali; Lomen, Evan; Blank, Robert R; Schlauch, Karen A; ",middle author,Transcript abundance profiles reveal larger and more complex responses of grapevine to chilling compared to osmotic and salinity stress,research article,Functional & integrative genomics,7,,317-333,2007,Springer-Verlag,Scientific Article,10.1007/s10142-007-0051-x,grapevine,post-genomics,life science,abiotic response,Plant responses to environmental stress,applied,UNR,Reno,USA,post-doctorate,final,english
"Vincent, Delphine; Ergül, Ali; Bohlman, Marlene C; Tattersall, Elizabeth AR; Tillett, Richard L; Wheatley, Matthew D; Woolsey, Rebekah; Quilici, David R; Joets, Johann; Schlauch, Karen; ",first author,Proteomic analysis reveals differences between Vitis vinifera L. cv. Chardonnay and cv. Cabernet Sauvignon and their responses to water deficit and salinity,research article,Journal of experimental botany,58,7,1873-1892,2007,Oxford University Press,Scientific Article,10.1093/jxb/erm012,grapevine,post-genomics,life science,abiotic response,Plant responses to environmental stress,applied,UNR,Reno,USA,post-doctorate,final,english
"Bogeat-Triboulot, Marie-Béatrice; Le Thiec, Didier; Cohen, David; Dreyer, Erwin; Plomion, Christophe; Vincent, Delphine; Leplé, Jean-Charles; Label, Philippe; Dejardin, Annabelle; Pilate, Gilles; ",middle author,Molecular bases of acclimation and adaptation to water deficit in poplar,conference poster,,,,,2008,,Conference Proceedings,https://hal.inrae.fr/hal-02822891,poplar,post-genomics,life science,abiotic response,Plant responses to environmental stress,applied,INRA Pierroton,Bordeaux,France,post-doctorate,final,english
"Bonhomme, Ludovic; Labas, Valérie; Vincent, Delphine; Plomion, Christophe; Brignolas, Franck; Morabito, Domenico; ",middle author,Impact of water deficit on the leaf proteome of 2 Populus deltoides x P. nigra grown in glasshouse or in nursery,unknown,,,,,2008,,Conference Proceedings,,poplar,post-genomics,life science,abiotic response,Plant responses to environmental stress,applied,INRA Pierroton,Bordeaux,France,post-doctorate,final,english
"Vincent, Delphine; Plomion, C; Balesdent, MH; Blaise, F; Rouxel, T; Gibon, J; Martin, F; Claverol, S; Bonneu, M; Lebrun, MH; ",first author,Hunting fungal secreted proteins down,conference abstract,"Comparative Biochemistry and Physiology, Part A",3,150,S50,2008,https://www.sciencedirect.com/science/article/abs/pii/S1095643308009793?via …,Scientific Article,10.1016/j.cbpa.2008.04.618,fungi,post-genomics,life science,biotic interactions,Plant-microbe interactions,methodological,INRA Pierroton,Bordeaux,France,post-doctorate,final,english
"Bonhomme, Ludovic; Monclus, Romain; Vincent, Delphine; Carpin, Sabine; Claverol, Stéphane; Lomenech, Anne-Marie; Labas, Valérie; Plomion, Christophe; Brignolas, Franck; Morabito, Domenico; ",middle author,Genetic variation and drought response in two Populus× euramericana genotypes through 2-DE proteomic analysis of leaves from field and glasshouse cultivated plants,research article,Phytochemistry,70,8,988-1002,2009,Elsevier,Scientific Article,10.1016/j.phytochem.2009.05.013,poplar,post-genomics,life science,abiotic response,Plant responses to environmental stress,applied,INRA Pierroton,Bordeaux,France,post-doctorate,final,english
"Bonhomme, Ludovic; Monclus, Romain; Vincent, Delphine; Carpin, Sabine; Lomenech, Anne?Marie; Plomion, Christophe; Brignolas, Franck; Morabito, Domenico; ",middle author,Leaf proteome analysis of eight Populus× euramericana genotypes: Genetic variation in drought response and in water?use efficiency involves photosynthesis?related proteins,research article,Proteomics,9,17,4121-4142,2009,Wiley Online Library,Scientific Article,10.1002/pmic.200900047,poplar,post-genomics,life science,abiotic response,Plant responses to environmental stress,applied,INRA Pierroton,Bordeaux,France,post-doctorate,final,english
"Bogeat-Triboulot, Marie-Béatrice; Cohen, David; Le Thiec, Didier; Balzergue, Sandrine; Martin-Magniette, Marie-Laure; Renou, Jean-Pierre; Label, Philippe; Lesage-Descauses, Marie-Claude; Laurans, Françoise F; Bourgait, Isabelle; ",middle author,POPSEC: molecular bases of acclimation to water deficit in poplar,unknown,,,,,2009,,Conference Proceedings,,poplar,post-genomics,life science,abiotic response,Plant responses to environmental stress,applied,INRA Pierroton,Bordeaux,France,post-doctorate,final,english
"Vincent, Delphine; Marco, Julie; Chaumeil, Philippe; Bonneu, Marc; Claverol, Stéphane; Lomenech, Anne-Marie; Barré, Aurélien; Bogeat-Triboulot, Marie-Béatrice; Plomion, Christophe; ",first author,A proteomic study of water deficit-responsive proteins in poplar roots,unknown,"17. Genomes Conference. Plant, Animal and Microbe",,,np,2009,,Conference Proceedings,,poplar,post-genomics,life science,abiotic response,Plant responses to environmental stress,applied,INRA Pierroton,Bordeaux,France,post-doctorate,final,english
"Flores, Raphaël; Gil, Laurent; Jacob, Daniel; de Daruvar, Antoine; Vincent, Delphine; Lalanne, Céline; Plomion, Christophe; Jeannin, Dominique; Faurobert, Mireille; Bouchet, Jean-Paul; ",middle author,"ProticWorkShop: un environnement bioinformatique pour la validation, l’analyse et l’integration des donnees proteomiques",unknown,Journees Ouvertes en Biologie Informatique Mathematiques,,,199-200,2009,,Conference Proceedings,,,bioinformatics,life science,plant science,Plant metabolism,applied,INRA Moulon,Paris,France,PhD candidate,final,french
"Vincent, Delphine; Balesdent, Marie?Hélène; Gibon, Julien; Claverol, Stéphane; Lapaillerie, Delphine; Lomenech, Anne?Marie; Blaise, Françoise; Rouxel, Thierry; Martin, Francis; Bonneu, Marc; ",first author,Hunting down fungal secretomes using liquid?phase IEF prior to high resolution 2?DE,research article,Electrophoresis,30,23,4118-4136,2009,Wiley Online Library,Scientific Article,10.1002/elps.200900415,fungi,post-genomics,life science,biotic interactions,Plant-microbe interactions,methodological,INRA Pierroton,Bordeaux,France,post-doctorate,final,english
"Ribot, Cecile; Cesari, Stella; Hirsch, Judith; Vincent, Delphine; Gagey, MJ; Vallet, J; Gautier, P; Notteghem, Jean-Loup; Job, C; Job, D; ",middle author,Identification and functional analysis of Magnaporthe oryzae effectors,unknown,8. Rencontres de Phytopathologie-Mycologie de la Société Française de Phytopathologie (SFP),,,,2010,,Conference Proceedings,,Magnaporthe oryzae,post-genomics,life science,biotic interactions,Plant-microbe interactions,applied,INRA Pierroton,Bordeaux,France,post-doctorate,final,english
"Flores, Renaud; Joets, Johann; Langella, Olivier; Valot, Benoit; Zivy, Michel; De Daruvar, Antoine; Gil, L; Jacob, D; Bouchet, Jean-Paul; Faurobert, Mireille; ",middle author,"PROTIC workshop: A bioinformatics environment for proteome data validation, analysis and integration",unknown,"Plant Genomics seminar 2010, Pont Royal en Provence, FRA, 2010-03-29-2010-03-31, 2 p.",,,,2010,,Conference Proceedings,,plants,bioinformatics,life science,plant science,Plant metabolism,applied,INRA Moulon,Paris,France,PhD candidate,final,english
"Rouxel, Thierry; Grandaubert, Jonathan; Hane, James K; Hoede, Claire; Van de Wouw, Angela P; Couloux, Arnaud; Dominguez, Victoria; Anthouard, Véronique; Bally, Pascal; Bourras, Salim; ",middle author,Effector diversification within compartments of the Leptosphaeria maculans genome affected by Repeat-Induced Point mutations,research article,Nature communications,2,1,202,2011,Nature Publishing Group UK London,Scientific Article,10.1038/ncomms1189,Leptosphaeria maculans,"genomics, post-genomics",life science,biotic interactions,Plant-microbe interactions,applied,INRA Pierroton,Bordeaux,France,post-doctorate,final,english
"Vincent, Delphine; Solomon, Peter Scott; ",first author,Development of an in-house protocol for the OFFGEL fractionation of plant proteins,research article,Journal of Integrated OMICS,1,2,216-225,2011,JOMICS,Scientific Article,10.5584/jiomics.v1i2.59,wheat,post-genomics,life science,biotic interactions,Plant metabolism,methodological,ANU,Canberra,Australia,post-doctorate,final,english
"Plomion, Christophe; Vincent, Delphine; Bedon, Frank; Joets, Johann; Bonhomme, Ludovic; Morabito, Domenico; Duplessis, Sébastien; Nilsson, Robert; Wingsle, Gunnar; Larsson, Christer; ",second author,Poplar proteomics: update and future challenges,book chapter,"Genetics, Genomics and Breeding of Poplar",,,128-165,2011,CRC Press,Book Chapter,,poplar,post-genomics,life science,proteomics,Plant metabolism,applied,INRA Pierroton,Bordeaux,France,post-doctorate,final,english
"Bedon, Frank; Villar, Emilie; Vincent, Delphine; DUPUY, JEAN?WILLIAM; LOMENECH, ANNE?MARIE; Mabialangoma, Andre; Chaumeil, Philippe; Barre, Aurelien; Plomion, Christophe; GION, JEAN?MARC; ",middle author,Proteomic plasticity of two Eucalyptus genotypes under contrasted water regimes in the field,research article,"Plant, cell & environment",35,4,790-805,2012,"Blackwell Publishing Ltd Oxford, UK",Scientific Article,10.1111/j.1365-3040.2011.02452.x,eucalyptus,post-genomics,life science,abiotic response,Plant responses to environmental stress,applied,INRA Pierroton,Bordeaux,France,post-doctorate,final,english
"Vincent, Delphine; Du Fall, Lauren A; Livk, Andreja; Mathesius, Ulrike; Lipscombe, Richard J; Oliver, Richard P; Friesen, Timothy L; Solomon, Peter S; ",first author,A functional genomics approach to dissect the mode of action of the Stagonospora nodorum effector protein SnToxA in wheat,research article,Molecular Plant Pathology,13,5,467-482,2012,Wiley Online Library,Scientific Article,10.1111/j.1364-3703.2011.00763.x,wheat,post-genomics,life science,biotic interactions,Plant-microbe interactions,applied,ANU,Canberra,Australia,post-doctorate,final,english
"Vincent, Delphine; Kohler, Annegret; Claverol, Stephane; Solier, Emilie; Joets, Johann; Gibon, Julien; Lebrun, Marc-Henri; Plomion, Christophe; Martin, Francis; ",first author,Secretome of the free-living mycelium from the ectomycorrhizal basidiomycete Laccaria bicolor,research article,Journal of Proteome Research,11,1,157-171,2012,American Chemical Society,Scientific Article,10.1021/pr200895f,Laccaria bicolor,post-genomics,life science,biotic interactions,Plant-microbe interactions,applied,INRA Pierroton,Bordeaux,France,post-doctorate,final,english
"Gagey, Marie-Josèphe; Vincent, Delphine; Gauthier, P; Job, Claudette; Lebrun, Marc-Henri; ",middle author,Protéines secrétées in vitro par Magnaporthe grisea.,unknown,"9ème Rencontres de Phytopathologie-Mycologie de la société française de phytopathologie,",,,np,2012,,Conference Proceedings,,Magnaporthe oryzae,post-genomics,life science,biotic interactions,Plant-microbe interactions,applied,INRA Pierroton,Bordeaux,France,post-doctorate,final,french
"Vincent, Delphine; Tan, Kar-Chun; Cassidy, Liam; Solomon, Peter S; Oliver, Richard P; ",first author,Proteomic techniques for plant–fungal interactions,book chapter,Plant Fungal Pathogens: Methods and Protocols,,,75-96,2012,Humana Press,Book Chapter,10.1007/978-1-61779-501-5_5,plants-fungi,post-genomics,life science,biotic interactions,Plant-microbe interactions,methodological,ANU,Canberra,Australia,post-doctorate,final,english
"Vincent, Delphine; Bedon, F; ",first author,Secretomics of plant-fungus associations: more secrets to unravel,editorial,J. Plant Biochem. Physiol,1,,e117,2013,,Editorial,10.4172/2329-9029.1000e117,plants-fungi,post-genomics,life science,biotic interactions,Plant-microbe interactions,applied,AVR,Bundoora,Australia,senior research scientist,final,english
"Quilici, DR; Woolsey, RJ; Cushman, JC; Vincent, Delphine; Cramer, GR; Hopper, DW; Van Sluyter, SC; George, I; Haynes, PA; ",middle author,Early and late responses of grapevine (Vitis vinifera L.) to water deficit: a proteomics perspective,unknown,IX International Symposium on Grapevine Physiology and Biotechnology 1157,,,263-272,2013,,Conference Proceedings,,grapevine,post-genomics,life science,biotic interactions,Plant-microbe interactions,applied,UNR,Reno,USA,post-doctorate,final,english
"Breen, Susan; Solomon, Peter S; Bedon, Frank; Vincent, Delphine; ",last author,Surveying the potential of secreted antimicrobial peptides to enhance plant disease resistance,review,Frontiers in plant science,6,,900,2015,Frontiers Media SA,Scientific Article,10.3389/fpls.2015.00900,plants-fungi,post-genomics,life science,biotic interactions,Plant-microbe interactions,applied,AVR,Bundoora,Australia,senior research scientist,final,english
"Vincent, Delphine; Plummer, Kim M; Solomon, Peter S; Lebrun, Marc-Henri; Job, Dominique; Rafiqi, Maryam; ",first author,How can secretomics help unravel the secrets of plant-microbe interactions?,editorial,Frontiers in Plant Science,7,,1777,2016,Frontiers Media SA,Editorial,10.3389/fpls.2016.01777,plants-fungi,post-genomics,life science,biotic interactions,Plant-microbe interactions,applied,AVR,Bundoora,Australia,senior research scientist,final,english
"Vincent, Delphine; Elkins, Aaron; Condina, Mark R; Ezernieks, Vilnis; Rochfort, Simone; ",first author,Quantitation and identification of intact major milk proteins for high-throughput LC-ESI-Q-TOF MS analyses,research article,PLoS One,11,10,e0163471,2016,"Public Library of Science San Francisco, CA USA",Scientific Article,10.1371/journal.pone.0163471,cow,post-genomics,life science,dairy science,Animal metabolism,methodological,AVR,Bundoora,Australia,senior research scientist,final,english
"Vincent, Delphine; Ezernieks, Vilnis; Elkins, Aaron; Nguyen, Nga; Moate, Peter J; Cocks, Benjamin G; Rochfort, Simone; ",first author,Milk bottom-up proteomics: Method optimization,research article,Frontiers in genetics,6,,360,2016,Frontiers Media SA,Scientific Article,10.3389/fgene.2015.00360,cow,post-genomics,life science,dairy science,Animal metabolism,methodological,AVR,Bundoora,Australia,senior research scientist,final,english
"Cramer, GR; Hopper, DW; Quilici, DR; Woolsey, RJ; Cushman, JC; Vincent, Delphine; Sluyter, SC van; George, I; Haynes, PA; ",middle author,Early and late responses of grapevine (Vitis vinifera L.) to water deficit: a proteomics perspective.,unknown,Acta Horticulturae,1157,,263-272,2017,ISHS,Scientific Article,10.17660/ActaHortic.2017.1157.37,grapevine,post-genomics,life science,abiotic response,Plant responses to environmental stress,applied,UNR,Reno,USA,post-doctorate,final,english
"Rafiqi M, Saunders D, McMullan M, Oliver R, Bone R, Fones H,  Gurr S,  Vincent D, Coker T, Buggs R",middle author,Plant-killers: Fungal threats to ecosystems,book chapter,"State of the World’s Fungi. Report. Royal Botanic Gardens, Kew. K. J. Willis (ed.)",,,56-61,2018,Kew Gardens,Book Chapter,https://faunaflorafunga.org/wp-content/uploads/2021/10/SOTWFungi_2018_Full_Report.pdf,plants-fungi,n.a.,life science,biotic interactions,Plant-microbe interactions,applied,AVR,Bundoora,Australia,senior research scientist,final,english
"Raynes, Jared K; Vincent, Delphine; Zawadzki, Jody L; Savin, Keith; Mertens, Dominik; Logan, Amy; Williams, Roderick PW; ",second author,Investigation of age gelation in uht milk,research article,Beverages,4,4,95,2018,MDPI,Scientific Article,10.3390/beverages4040095,cow,post-genomics,life science,dairy science,Animal metabolism,applied,AVR,Bundoora,Australia,senior research scientist,final,english
"Vincent, Delphine; Mertens, Dominik; Rochfort, Simone; ",first author,Optimisation of milk protein top-down sequencing using in-source collision-induced dissociation in the maxis quadrupole time-of-flight mass spectrometer,research article,Molecules,23,11,2777,2018,MDPI,Scientific Article,10.3390/molecules23112777,cow,post-genomics,life science,dairy science,Animal metabolism,methodological,AVR,Bundoora,Australia,senior research scientist,final,english
"Vincent, Delphine; Ezernieks, Vilnis; Rochfort, Simone; Spangenberg, German; ",first author,A multiple protease strategy to optimise the shotgun proteomics of mature medicinal cannabis buds,research article,International Journal of Molecular Sciences,20,22,5630,2019,MDPI,Scientific Article,10.3390/ijms20225630,cannabis,post-genomics,life science,cannabis science,Plant metabolism,methodological,AVR,Bundoora,Australia,senior research scientist,final,english
"Vincent, Delphine; Rochfort, Simone; Spangenberg, German; ",first author,Optimisation of protein extraction from medicinal cannabis mature buds for bottom-up proteomics,research article,Molecules,24,4,659,2019,MDPI,Scientific Article,10.3390/molecules24040659,cannabis,post-genomics,life science,cannabis science,Plant metabolism,methodological,AVR,Bundoora,Australia,senior research scientist,final,english
"Vincent, Delphine; Binos, Steve; Rochfort, Simone; Spangenberg, German; ",first author,Top-down proteomics of medicinal cannabis,research article,Proteomes,7,4,33,2019,MDPI,Scientific Article,10.3390/proteomes7040033,cannabis,post-genomics,life science,cannabis science,Plant metabolism,applied,AVR,Bundoora,Australia,senior research scientist,final,english
"Rochfort, Simone; Elinkins, Aaron; Krill, Christian; Vincent, Delphine; Ezernieks, Vilnis; Spangenberg, German C; ",middle author,Molecular Phenotyping of Medicinal Cannabis Strains-Enabling Genomic Selection and Gene Annotation,unknown,"Plant and Animal Genome XXVII Conference (January 12-16, 2019)",,,,2019,PAG,Conference Proceedings,,cannabis,post-genomics,life science,cannabis science,Plant metabolism,applied,AVR,Bundoora,Australia,senior research scientist,final,english
"Schirawski, Jan; Rafiqi, Maryam; Job, Dominique; Rep, Martijn; Vincent, Delphine; ",last author,Secretomics: More Secrets to Unravel on Plant-Fungus Interactions,editorial,Frontiers in Plant Science,11,,601021,2020,Frontiers Media SA,Editorial,10.3389/fpls.2020.601021,plants-fungi,post-genomics,life science,biotic interactions,Plant-microbe interactions,applied,AVR,Bundoora,Australia,senior research scientist,final,english
"Vincent, Delphine; Rafiqi, Maryam; Job, Dominique; ",first author,The multiple facets of plant–fungal interactions revealed through plant and fungal secretomics,research article,Frontiers in Plant Science,10,,1626,2020,Frontiers Media SA,Scientific Article,10.3389/fpls.2019.01626,plants-fungi,post-genomics,life science,biotic interactions,Plant-microbe interactions,applied,AVR,Bundoora,Australia,senior research scientist,final,english
"Vincent Delphine, Simone Jane Rochfort, German Carlos Spangenberg; ",first author,Method of protein extraction from cannabis plant material,patent,,,,,2020,"CA Patent CA3,122,758 A",Patent,,cannabis,post-genomics,life science,cannabis science,Plant metabolism,methodological,AVR,Bundoora,Australia,senior research scientist,final,english
"Rochfort, Simone; Isbel, Ashley; Ezernieks, Vilnis; Elkins, Aaron; Vincent, Delphine; Deseo, Myrna A; Spangenberg, German C; ",middle author,Utilisation of design of experiments approach to optimise supercritical fluid extraction of medicinal cannabis,research article,Scientific reports,10,1,9124,2020,Nature Publishing Group UK London,Scientific Article,10.1038/s41598-020-66119-1,cannabis,SFE,life science,cannabis science,Plant metabolism,methodological,AVR,Bundoora,Australia,senior research scientist,final,english
"Vincent, Delphine; Savin, Keith; Rochfort, Simone; Spangenberg, German; ",first author,"The power of three in cannabis shotgun proteomics: Proteases, databases and search engines",research article,Proteomes,8,2,13,2020,MDPI,Scientific Article,10.3390/proteomes8020013,cannabis,post-genomics,life science,cannabis science,Plant metabolism,methodological,AVR,Bundoora,Australia,senior research scientist,final,english
"Islam, Shahidul; Wang, Penghao; Vincent, Delphine; Khan, Javed M; Juhasz, Angela; Diepeveen, Dean; Lipscombe, Richard J; Ma, Wujun; Appels, Rudi; ",middle author,Proteomic profiling of developing wheat heads under water-stress,research article,Functional & Integrative Genomics,20,,695-710,2020,Springer Berlin Heidelberg,Scientific Article,10.1007/s10142-020-00746-9,wheat,post-genomics,life science,wheat science,Plant metabolism,applied,AVR,Bundoora,Australia,senior research scientist,final,english
"Reddy, Priyanka; Vincent, Delphine; Hemsworth, Joanne; Ezernieks, Vilnis; Guthridge, Kathryn; Spangenberg, German C; Rochfort, Simone J; ",second author,Effects of ergotamine on the central nervous system using untargeted metabolomics analysis in a mouse model,research article,Scientific Reports,11,1,19542,2021,Nature Publishing Group UK London,Scientific Article,10.1038/s41598-021-98870-4,mouse,post-genomics,life science,brain science,Human toxicology,applied,AVR,Bundoora,Australia,senior research scientist,final,english
"Li, Tongda; Tannenbaum, Ian Ross; Chandel, Ankush; Kaur, Jatinder; Vincent, Delphine Elise Michelle; Hone, Holly; Sawbridge, Timothy Ivor; Mann, Ross; Spangenberg, German Carlos; ",middle author,Plant Microbiome and Methods for Profiling Plant Microbiome,patent,,,,,2022,"US Patent App. 17/627,776",Patent,,plant microbiome,MALDI-TOF,life science,biotic interactions,Plant-microbe interactions,methodological,AVR,Bundoora,Australia,senior research scientist,final,english
"Vincent, Delphine; Bui, AnhDuyen; Ram, Doris; Ezernieks, Vilnis; Bedon, Frank; Panozzo, Joe; Maharjan, Pankaj; Rochfort, Simone; Daetwyler, Hans; Hayden, Matthew; ",first author,Mining the wheat grain proteome,research article,International Journal of Molecular Sciences,23,2,713,2022,MDPI,Scientific Article,10.3390/ijms23020713,wheat,post-genomics,life science,wheat science,Plant metabolism,methodological,AVR,Bundoora,Australia,senior research scientist,final,english
"Vincent, Delphine; Job, Dominique; Schirawski, Jan; Rep, Martijn; Rafiqi, Maryam; ",first author,"Secretomics: More secrets to unravel on plant-fungus interactions, volume II",editorial,Frontiers in Plant Science,14,,1123403,2023,Frontiers Media SA,Editorial,10.3389/fpls.2023.1123403,plants-fungi,post-genomics,life science,biotic interactions,Plant-microbe interactions,applied,AVR,Bundoora,Australia,senior research scientist,final,english
"Jamet, Elisabeth; Esquerré-Tugayé, Marie-Thérèse; Gallardo-Guerrero, Karine; Rolland, Norbert; Zivy, Michel; Blein-Nicolas, Mélisande; Vincent, Delphine; Gontero, Brigitte; Rajjou, Loïc; ",middle author,Obituary: Dominique Job (1947-2022),obituary,Frontiers in Plant Science,14,,1188766,2023,Frontiers Media SA,Obituary,10.1017/S0960258518000284,n.a.,n.a.,life science,n.a.,n.a.,other,AVR,Bundoora,Australia,senior research scientist,final,english
"Vincent, Delphine; Bui, AnhDuyen; Ezernieks, Vilnis; Shahinfar, Saleh; Luke, Timothy; Ram, Doris; Rigas, Nicholas; Panozzo, Joe; Rochfort, Simone; Daetwyler, Hans; ",first author,Finding the LMA needle in the wheat proteome haystack,preprint,bioRxiv,,,2023.01. 22.525108,2023,Cold Spring Harbor Laboratory,Preprint,2023.01. 22.525108,wheat,post-genomics,life science,wheat science,Plant metabolism,applied,AVR,Bundoora,Australia,senior research scientist,final,english
"Vincent, Delphine;  AnhDuyen Bui , Vilnis Ezernieks , Saleh Shahinfar , Timothy Luke , Doris Ram , Nicholas Rigas , Joe Panozzo , Simone Rochfort , Hans Daetwyler",first author,A community resource to mass explore the wheat grain proteome and its application to the Late Maturity Alpha-Amylase (LMA) problem,research article,GigaScience,12,,giad084,2023,Oxford Academic,Scientific Article,10.1093/gigascience/giad084/7335571,wheat,post-genomics,bridge,wheat science,Plant metabolism,applied,AVR,Bundoora,Australia,senior research scientist,final,english
"Juhasz, Angela; Vincent, Delphine; ",last author,Proteogenomics,unknown,PAG Australia 2023,,,,2023,PAG,Conference Proceedings,,wheat,proteogenomics,life science,wheat science,Plant metabolism,applied,AVR,Bundoora,Australia,senior research scientist,final,english
"Vincent, Delphine",sole author,Mapping the landscape of scientific publications,slides,GitHub,,,,2024,,,https://github.com/dlf2024/Python_Tableau_scientific_papers_metadata,n.a.,code,data science,computational science,Human behaviour,applied,independent researcher,Melbourne,Australia,data scientist consultant,final,english
"Warakaulle, Santhoshani; Mohamed, Huda; Ranasinghe, Meththa; Shah, Iltaf; Yanyang, Xu; Chen, Gang; Ayyash, Mutamed M; Vincent, Delphine; Kamal-Eldin, Afaf; ",middle author,Advancement of milk protein analysis: From determination of total proteins to their identification and quantification by proteomic approaches,review,Journal of Food Composition and Analysis,126,,105854,2024,Academic Press,Scientific Article,10.1016/j.jfca.2023.105854,cow,post-genomics,life science,dairy science,Animal metabolism,methodological,AVR,Bundoora,Australia,senior research scientist,final,english
"Vincent, Delphine; Reddy, Priyanka; Isenegger, Daniel; ",first author,Integrated Proteomics and Metabolomics of Safflower Petal Wilting and Seed Development,research article,Biomolecules,14,4,414,2024,MDPI,Scientific Article,10.3390/biom14040414,safflower,post-genomics,life science,seed science,Plant metabolism,applied,AVR,Bundoora,Australia,senior research scientist,final,english
"Vincent, Delphine; Appels, Rudi; ",first author,Community Resource: Large-Scale Proteogenomics to Refine Wheat Genome Annotations,research article,International Journal of Molecular Sciences,25,16,8614,2024,MDPI,Scientific Article,10.3390/ijms25168614,wheat,proteogenomics,bridge,wheat science,Plant metabolism,applied,independent researcher,Melbourne,Australia,senior research scientist,final,english
"Alam, Muneeba Zubair; Vincent, Delphine; Samad, Nadia; Aljnaibi, Shamma Hamdan; Ali, Hissa Abdulla; Kamal-Eldin, Afaf",first co-author,Assessing the Accuracy of Total Antioxidant Activity Methods Using Machine Learning Approaches,research article,in preparation,,,,2025,,,,standards,biochemistry,data science,food science,Human nutrition,applied,independent researcher,Melbourne,Australia,data scientist consultant,final,english
"Vincent, Delphine",sole author,Decoding love with data: Analysing dating app,slides,GitHub,,,,2025,,,https://github.com/dlf2024/Python_OKCupid_date-a-scientist,n.a.,code,data science,computational science,Human behaviour,applied,independent researcher,Melbourne,Australia,data scientist consultant,final,english
"Vincent, Delphine",sole author,"Aliens, Algorithms & Anomalies: Making Sense of NUFORC Reports",slides,GitHub,,,,2025,,,https://github.com/dlf2024/Python_Tableau_EDA_ML_NUFORC-database,n.a.,code,data science,computational science,Human behaviour,applied,independent researcher,Melbourne,Australia,data scientist consultant,final,english
"Vincent, Delphine; Warakaulle, Santhoshani; Kamal-Eldin, Afaf",first author,Machine learning reveals synergistic effects of Lactobacillus helveticus in camel milk fermentation,research article,in preparation,,,,2025,,,,"camel, cow",post-genomics,data science,dairy science,Animal metabolism,applied,independent researcher,Melbourne,Australia,data scientist consultant,draft,english
"Warakaulle, Santhoshani;  Vincent, Delphine, Abu-Jdayil, B; Ayyash, MM; Kamal-Eldin, A",second author,"Effects of plasmin on camel and bovine model cheeses: Protein degradation, texture, and rheology",research article,NFS Journal,40,,100235,2025,Elsevier,Scientific Article,10.1016/j.nfs.2025.100235,"camel, cow",biochemistry,bridge,dairy science,Animal metabolism,applied,independent researcher,Melbourne,Australia,data scientist consultant,final,english
"Sheedy DB, Golder HM, Garcia SC, Reddy P, Hemsworth JE, Vincent Delphine, Rochfort SJ, Pryce JE, Lean IJ",middle author,"Associations among body condition score, body weight, and serum biochemistry in dairy cows.",research article,J Dairy Sci.,108,4,4331-4348,2025,Elsevier,Scientific Article,10.3168/jds.2024-25425,cow,biochemistry,life science,dairy science,Animal metabolism,applied,AVR,Bundoora,Australia,senior research scientist,final,english
"Sheedy DB, Golder HM, Garcia SC, Reddy P, Hemsworth JE, Vincent Delphine, Rochfort SJ, Pryce JE, Lean IJ",middle author,Confinement and pasture-based dairy herds differ in plasma lipid profiles.,research article,J Dairy Sci.,108,11,12421-12437,2025,Elsevier,Scientific Article,10.3168/jds.2025-26782,cow,biochemistry,life science,dairy science,Animal metabolism,applied,AVR,Bundoora,Australia,senior research scientist,final,english
"Vincent, Delphine; Isdale, Don; Keeble-Gagnere, Gabriel; Appels, Rudi",first author,Bread Biomarker Discovery assisted by Machine Learning ,research article,in preparation,,,,2025,,,,wheat,post-genomics,data science,wheat science,Plant metabolism,applied,independent researcher,Melbourne,Australia,data scientist consultant,draft,english
